City_ID,City,Country,Lat,Lng,Date,Max Temp,Humidity,Cloudiness,Wind Speed
0,jacareacanga,BR,-6.22,-57.76,1528902000,89.6,62,0,6.93
1,kaitangata,NZ,-46.28,169.85,1528905304,42.61,94,100,5.64
2,goulburn,AU,-34.75,149.72,1528905078,44.32,91,20,10.11
3,lata,IN,30.78,78.62,1528905305,59.89,89,76,0.94
4,chokurdakh,RU,70.62,147.9,1528905306,32.17,88,0,2.95
5,martyush,RU,56.4,61.89,1528905306,55.03,94,92,9.33
6,hobart,AU,-42.88,147.33,1528902000,44.6,87,20,8.05
7,broken hill,AU,-31.97,141.45,1528905311,44.5,88,0,7.31
8,harnosand,SE,62.63,17.94,1528903200,60.8,44,0,13.87
9,tuatapere,NZ,-46.13,167.69,1528905312,38.92,100,0,3.4
10,puerto ayora,EC,-0.74,-90.35,1528902000,77,69,90,13.87
11,havre-saint-pierre,CA,50.23,-63.6,1528902000,53.6,58,75,19.46
12,punta arenas,CL,-53.16,-70.91,1528902000,35.6,100,0,9.17
13,tasiilaq,GL,65.61,-37.64,1528901400,39.2,60,75,2.24
14,chapais,CA,49.78,-74.86,1528902000,59,38,40,10.29
15,avarua,CK,-21.21,-159.78,1528902000,73.4,56,40,10.29
16,hofn,IS,64.25,-15.21,1528902000,51.8,87,75,8.05
17,yukamenskoye,RU,57.89,52.24,1528905315,56.65,98,92,10.22
18,khandbari,NP,27.38,87.21,1528905315,44.59,67,80,1.39
19,bethel,US,60.79,-161.76,1528901580,44.6,93,1,8.05
20,ushuaia,AR,-54.81,-68.31,1528902000,41,64,75,3.36
21,east london,ZA,-33.02,27.91,1528902000,69.8,37,0,5.82
22,bluff,AU,-23.58,149.07,1528905321,61.96,76,76,4.74
23,mount isa,AU,-20.73,139.49,1528902000,64.4,100,75,3.29
24,pevek,RU,69.7,170.27,1528905321,36.94,71,0,6.98
25,gao,ML,16.28,-0.04,1528905321,110.02,16,24,4.97
26,cabo san lucas,MX,22.89,-109.91,1528901160,84.2,74,75,10.29
27,sao filipe,CV,14.9,-24.5,1528905323,75.73,88,0,13.02
28,tiksi,RU,71.64,128.87,1528905298,57.73,58,44,10.11
29,busselton,AU,-33.64,115.35,1528905323,60.43,100,92,10.56
30,alofi,NU,-19.06,-169.92,1528902000,71.6,88,76,3.36
31,ola,RU,59.58,151.3,1528902000,42.8,100,75,7.76
32,atar,MR,20.52,-13.05,1528902000,91.4,19,20,9.17
33,rikitea,PF,-23.12,-134.97,1528905325,73.57,100,0,8.66
34,hermanus,ZA,-34.42,19.24,1528905325,77.17,24,0,8.66
35,ponta delgada,PT,37.73,-25.67,1528903800,71.6,88,75,12.75
36,bambari,CF,5.77,20.68,1528905326,81.85,84,24,7.65
37,cap malheureux,MU,-19.98,57.61,1528902000,75.2,69,75,14.99
38,puerto escondido,MX,15.86,-97.07,1528901100,80.6,65,75,3.36
39,qaanaaq,GL,77.48,-69.36,1528905330,31.45,100,32,6.31
40,new norfolk,AU,-42.78,147.06,1528902000,44.6,87,20,8.05
41,najran,SA,17.54,44.22,1528902000,98.6,13,40,11.41
42,isla mujeres,MX,21.23,-86.73,1528904340,75.2,100,90,16.11
43,mar del plata,AR,-46.43,-67.52,1528905297,32.53,100,0,7.31
44,provideniya,RU,64.42,-173.23,1528905332,40.63,91,0,10.78
45,jamestown,AU,-33.21,138.6,1528905333,43.15,88,12,10.89
46,medicine hat,CA,50.04,-110.68,1528902000,66.2,34,20,14.99
47,katsuura,JP,33.93,134.5,1528905334,62.05,88,8,7.54
48,aklavik,CA,68.22,-135.01,1528902000,51.8,53,20,11.41
49,tuktoyaktuk,CA,69.44,-133.03,1528902000,46.4,61,20,6.93
50,kapaa,US,22.08,-159.32,1528901760,75.2,88,90,14.99
51,mildura,AU,-34.18,142.16,1528905300,45.67,92,0,9.66
52,souillac,FR,45.6,-0.6,1528903800,73.4,49,75,10.29
53,lorengau,PG,-2.02,147.27,1528905336,80.59,100,100,3.85
54,praia,BR,-20.25,-43.81,1528902000,82.4,47,20,3.36
55,port alfred,ZA,-33.59,26.89,1528905338,76.54,50,0,7.2
56,barranca,PE,-10.75,-77.76,1528905339,61.87,98,0,9.89
57,nome,US,30.04,-94.42,1528902900,87.8,70,40,3.36
58,matay,EG,28.42,30.79,1528905339,97.69,23,0,6.98
59,saskylakh,RU,71.97,114.09,1528905339,59.53,55,48,5.86
60,itarema,BR,-2.92,-39.92,1528905340,88.33,61,0,12.57
61,butaritari,KI,3.07,172.79,1528905340,81.13,100,56,7.31
62,peniche,PT,39.36,-9.38,1528903800,75.2,64,20,12.75
63,beloha,MG,-25.17,45.06,1528905340,71.95,57,0,16.37
64,anadyr,RU,64.73,177.51,1528902000,48.2,57,0,4.47
65,luderitz,NA,-26.65,15.16,1528905342,64.03,64,12,17.38
66,rochester,US,44.02,-92.46,1528902960,73.4,37,1,6.93
67,bosaso,SO,11.28,49.18,1528905347,89.77,86,0,3.96
68,faanui,PF,-16.48,-151.75,1528905347,79.96,100,0,11.79
69,grindavik,IS,63.84,-22.43,1528902000,48.2,70,75,5.82
70,margate,AU,-43.03,147.26,1528902000,44.6,87,20,8.05
71,marsh harbour,BS,26.54,-77.06,1528905349,82.39,95,88,10
72,comodoro rivadavia,AR,-45.87,-67.48,1528902000,42.8,60,40,9.17
73,upernavik,GL,72.79,-56.15,1528905350,29.29,100,92,3.74
74,uige,AO,-7.61,15.06,1528905350,86.8,29,0,3.18
75,bredasdorp,ZA,-34.53,20.04,1528902000,82.4,23,0,5.82
76,bodden town,KY,19.28,-81.25,1528902000,80.6,78,40,16.11
77,guerrero negro,MX,27.97,-114.04,1528905350,63.85,88,44,3.74
78,bilma,NE,18.69,12.92,1528905351,110.47,12,0,4.63
79,carnarvon,ZA,-30.97,22.13,1528905351,60.43,30,0,14.25
80,ponta do sol,BR,-20.63,-46,1528905352,78.25,72,12,3.96
81,vila franca do campo,PT,37.72,-25.43,1528903800,71.6,88,75,12.75
82,puerto del rosario,ES,28.5,-13.86,1528903800,73.4,60,20,17.22
83,sitka,US,37.17,-99.65,1528905353,74.02,92,20,5.97
84,camacha,PT,33.08,-16.33,1528903800,68,72,75,16.11
85,saint-philippe,CA,45.36,-73.48,1528902900,78.8,54,1,11.41
86,port blair,IN,11.67,92.75,1528905357,84.37,97,92,25.1
87,albany,US,42.65,-73.75,1528903860,69.8,68,90,3.36
88,barrow,AR,-38.31,-60.23,1528905182,50.26,72,88,8.21
89,qorveh,IR,35.17,47.8,1528905357,76.72,22,92,3.18
90,san jeronimo,PE,-13.65,-73.37,1528902000,46.4,81,90,2.39
91,mataura,NZ,-46.19,168.86,1528905299,25.69,79,24,3.18
92,buala,SB,-8.15,159.59,1528905359,78.7,100,64,4.18
93,eyl,SO,7.98,49.82,1528905359,86.62,57,20,22.41
94,abu dhabi,AE,24.47,54.37,1528902000,98.6,29,0,16.11
95,tahe,CN,52.34,124.71,1528905359,51.43,98,92,2.17
96,chuy,UY,-33.69,-53.46,1528905099,52.87,93,80,28.9
97,dzerzhinskoye,RU,56.84,95.22,1528905360,65.11,69,8,3.85
98,vanavara,RU,60.35,102.28,1528905360,64.21,50,0,5.64
99,muros,ES,42.77,-9.06,1528903800,66.2,72,40,10.29
100,auchel,FR,50.51,2.47,1528903800,68,49,0,3.36
101,bubaque,GW,11.28,-15.83,1528902000,91.4,55,40,11.41
102,khatanga,RU,71.98,102.47,1528905361,60.97,65,8,4.63
103,los banos,US,37.06,-120.85,1528904100,75.2,67,1,4.74
104,labuhan,ID,-2.54,115.51,1528905361,72.94,95,12,1.83
105,saint-paul,FR,45.22,1.9,1528903800,68,56,75,14.99
106,petatlan,MX,17.52,-101.27,1528901220,84.2,74,90,1.83
107,baykit,RU,61.68,96.39,1528905366,63.94,68,36,4.29
108,dalby,AU,-27.18,151.26,1528902000,53.6,93,75,2.24
109,yellowknife,CA,62.45,-114.38,1528902540,46.4,93,90,8.05
110,hilo,US,19.71,-155.08,1528901580,66.2,88,75,5.82
111,turukhansk,RU,65.8,87.96,1528905297,66.37,76,36,6.42
112,dingle,PH,11,122.67,1528905368,79.96,82,68,8.21
113,dillon,US,45.22,-112.64,1528901580,57.2,44,1,5.82
114,labytnangi,RU,66.66,66.39,1528905370,47.11,75,64,17.49
115,gigmoto,PH,13.78,124.39,1528905370,83.56,98,36,17.6
116,nouakchott,MR,18.08,-15.98,1528905371,76.72,76,68,1.39
117,rumoi,JP,43.93,141.67,1528905371,44.41,100,92,8.1
118,dikson,RU,73.51,80.55,1528905373,31.09,100,32,13.13
119,chinsali,ZM,-10.55,32.07,1528905377,73.39,36,0,9.22
120,georgetown,GY,6.8,-58.16,1528902000,82.4,78,75,9.17
121,tooele,US,40.53,-112.3,1528902900,73.4,35,1,9.17
122,nikolskoye,RU,59.7,30.79,1528902000,60.8,41,40,4.47
123,bodo,CI,5.91,-4.68,1528905379,87.7,66,80,8.21
124,minador do negrao,BR,-9.31,-36.86,1528905379,76.81,80,32,13.24
125,sambava,MG,-14.27,50.17,1528905379,77.35,100,88,19.73
126,yerbogachen,RU,61.28,108.01,1528905380,64.93,44,0,7.43
127,kahului,US,20.89,-156.47,1528901760,66.2,93,1,3.36
128,clyde river,CA,70.47,-68.59,1528902660,35.6,100,75,21.92
129,ancud,CL,-41.87,-73.83,1528905381,39.1,90,20,2.73
130,beringovskiy,RU,63.05,179.32,1528905381,39.37,88,0,3.4
131,majene,ID,-3.54,118.97,1528905382,81.85,100,32,11.01
132,ahar,IR,38.48,47.07,1528905382,62.77,62,36,3.74
133,ilhabela,BR,-23.78,-45.36,1528905382,72.85,98,80,2.28
134,listvyagi,RU,53.68,86.95,1528905382,65.11,78,0,2.06
135,skjervoy,NO,70.03,20.97,1528903200,44.6,65,40,10.29
136,cape town,ZA,-33.93,18.42,1528902000,73.4,35,0,9.17
137,iqaluit,CA,63.75,-68.52,1528902000,35.6,96,90,20.8
138,fort-shevchenko,KZ,44.51,50.26,1528905387,74.2,59,0,3.62
139,severo-kurilsk,RU,50.68,156.12,1528905387,38.02,100,92,16.26
140,arraial do cabo,BR,-22.97,-42.02,1528905600,80.6,65,0,4.7
141,torbay,CA,47.66,-52.73,1528903560,50,93,90,19.46
142,ahipara,NZ,-35.17,173.16,1528905388,56.65,91,88,9.66
143,bandarbeyla,SO,9.49,50.81,1528905389,79.15,79,0,32.93
144,vuktyl,RU,63.86,57.31,1528905389,52.6,96,92,7.43
145,caravelas,BR,-17.73,-39.27,1528905390,77.62,98,0,10.45
146,waipawa,NZ,-39.94,176.59,1528905390,50.89,94,92,9.44
147,khomutovo,RU,52.85,37.45,1528905390,72.31,65,0,5.97
148,acajutla,SV,13.59,-89.83,1528901400,84.2,79,40,1.12
149,buritis,BR,-15.62,-46.42,1528905391,83.74,53,0,6.87
150,meulaboh,ID,4.14,96.13,1528905392,82.03,100,48,3.4
151,vaini,IN,15.34,74.49,1528905392,70.42,98,100,4.29
152,teya,MX,21.05,-89.07,1528901400,86,66,75,13.87
153,bambous virieux,MU,-20.34,57.76,1528902000,75.2,69,75,14.99
154,zaragoza,ES,41.65,-0.88,1528903800,77,49,20,28.86
155,thompson,CA,55.74,-97.86,1528902600,57.2,76,75,3.36
156,kodiak,US,39.95,-94.76,1528901580,75.2,50,1,13.87
157,nsanje,MZ,-16.92,35.26,1528905397,70.33,84,92,4.18
158,the pas,CA,53.82,-101.24,1528902000,60.8,63,1,10.29
159,masalli,KR,34.8,126.66,1528902000,68,77,12,9.17
160,talnakh,RU,69.49,88.39,1528905398,42.79,100,20,3.18
161,ilulissat,GL,69.22,-51.1,1528901400,32,97,90,4.7
162,vallenar,CL,-28.58,-70.76,1528905399,54.4,56,0,1.28
163,cap-aux-meules,CA,47.38,-61.86,1528902000,51.8,62,40,20.8
164,san quintin,PH,17.54,120.52,1528902000,77,100,90,13.87
165,victoria,BN,5.28,115.24,1528902000,80.6,94,75,1.12
166,okhotsk,RU,59.36,143.24,1528905400,38.02,100,12,2.17
167,bonavista,CA,48.65,-53.11,1528905401,46.57,82,92,22.97
168,manokwari,ID,-0.87,134.08,1528905401,78.07,100,80,8.1
169,lebu,ET,8.96,38.73,1528905404,55.3,100,92,0.72
170,qostanay,KZ,53.17,63.58,1528902000,59,54,75,6.71
171,victor harbor,AU,-35.55,138.62,1528902000,55.4,82,75,17.22
172,kamenka,RU,53.19,44.05,1528905405,61.6,98,12,9.44
173,cherskiy,RU,68.75,161.3,1528905405,55.21,48,8,3.18
174,kimbe,PG,-5.56,150.15,1528905405,78.43,100,92,6.64
175,guba,PH,10.43,123.89,1528902000,84.2,74,75,8.05
176,inuvik,CA,68.36,-133.71,1528902000,51.8,53,40,3.36
177,jiazi,CN,19.61,110.49,1528902000,82.4,78,20,4.47
178,namatanai,PG,-3.66,152.44,1528905407,78.07,100,76,11.68
179,port elizabeth,US,39.31,-74.98,1528903500,75.2,83,90,9.17
180,chilca,PE,-13.22,-72.34,1528903800,55.4,47,75,3.36
181,tual,ID,-5.67,132.75,1528905408,79.78,100,68,12.12
182,puerto colombia,CO,10.99,-74.96,1528902000,87.8,74,40,6.93
183,muzhi,RU,65.4,64.7,1528905409,55.57,63,0,10.67
184,tabuk,PH,17.41,121.44,1528905413,72.4,86,92,1.83
185,palauig,PH,15.44,119.9,1528905413,74.11,100,92,10.67
186,komsomolskiy,RU,67.55,63.78,1528905413,37.39,84,0,9.22
187,atuona,PF,-9.8,-139.03,1528905298,79.6,100,44,12.91
188,sinnamary,GF,5.38,-52.96,1528905414,75.19,100,92,3.4
189,kavieng,PG,-2.57,150.8,1528905414,78.97,100,92,5.41
190,moron,VE,10.49,-68.2,1528905415,81.67,70,0,3.06
191,fortuna,ES,38.18,-1.13,1528903800,86,64,20,12.75
192,pangnirtung,CA,66.15,-65.72,1528902000,35.6,93,90,4.7
193,paamiut,GL,61.99,-49.67,1528905416,35.32,100,68,12.46
194,juegang,CN,32.31,121.18,1528905417,75.28,76,36,16.6
195,kiama,AU,-34.67,150.86,1528905418,50.44,86,0,6.87
196,yamada,JP,36.58,137.08,1528902000,60.8,72,20,14.99
197,russell,AR,-33.01,-68.8,1528902000,42.8,48,0,3.36
198,port hawkesbury,CA,45.62,-61.36,1528902000,64.4,63,1,16.11
199,naze,NG,5.43,7.07,1528902000,89.6,62,75,9.17
200,namibe,AO,-15.19,12.15,1528905419,74.02,89,0,17.49
201,lodja,CD,-3.52,23.6,1528905419,94.36,20,0,4.97
202,basco,US,40.33,-91.2,1528904100,77,44,1,13.87
203,suleja,NG,9.18,7.18,1528905420,87.34,74,20,2.95
204,tazovskiy,RU,67.47,78.7,1528905420,67.72,60,12,14.81
205,waterloo,CA,43.47,-80.52,1528902000,75.2,78,75,12.75
206,kruisfontein,ZA,-34,24.73,1528905421,75.82,47,0,8.43
207,hithadhoo,MV,-0.6,73.08,1528905421,83.65,100,12,6.42
208,aqtobe,KZ,50.28,57.21,1528902000,71.6,24,0,6.71
209,trinidad,UY,-33.52,-56.9,1528902000,50,76,75,17.22
210,jasper,US,33.83,-87.28,1528904100,78.8,83,12,5.19
211,tempio pausania,IT,40.9,9.1,1528903800,69.8,77,40,11.41
212,kununurra,AU,-15.77,128.74,1528902000,73.4,73,75,5.82
213,zhob,PK,31.34,69.45,1528905423,80.95,10,0,5.64
214,los llanos de aridane,ES,28.66,-17.92,1528903800,73.4,60,20,12.75
215,nohar,IN,29.18,74.77,1528905423,98.5,22,0,9.55
216,sainte-suzanne,CH,47.51,6.77,1528903800,66.2,48,76,10.29
217,crotone,IT,39.09,17.12,1528901400,82.4,42,0,23.04
218,gambela,ET,8.25,34.59,1528905424,68.62,94,92,2.95
219,kavaratti,IN,10.57,72.64,1528905424,81.67,100,80,22.64
220,ust-ilimsk,RU,57.96,102.73,1528905425,60.61,87,12,1.95
221,leo,BF,11.1,-2.1,1528905429,94.72,66,0,4.63
222,totolapan,MX,18.99,-98.92,1528902840,59,77,75,5.82
223,funtua,NG,11.52,7.31,1528905429,90.67,50,44,2.17
224,salalah,OM,17.01,54.1,1528901400,84.2,89,75,10.29
225,burnie,AU,-41.05,145.91,1528905430,51.88,100,92,21.07
226,boulder city,US,35.98,-114.83,1528902900,89.6,11,1,3.51
227,massakory,TD,13,15.73,1528905431,100.21,46,0,6.98
228,arlit,NE,18.74,7.39,1528905432,110.92,14,0,4.74
229,zhigansk,RU,66.77,123.37,1528905432,56.83,56,0,4.97
230,florianopolis,BR,-27.6,-48.55,1528902000,69.8,64,40,3.36
231,lavrentiya,RU,65.58,-170.99,1528905432,35.95,76,0,8.43
232,bluefield,US,37.27,-81.22,1528902900,78.8,78,90,11.41
233,te anau,NZ,-45.41,167.72,1528905433,27.22,80,8,2.84
234,marawi,PH,8,124.29,1528905433,66.73,99,44,2.28
235,amapa,HN,15.09,-87.97,1528905600,84.2,83,75,4.7
236,palmer,AU,-34.85,139.16,1528902000,55.4,82,75,17.22
237,cidreira,BR,-30.17,-50.22,1528905434,51.97,81,0,26.33
238,saint-pierre,FR,48.95,4.24,1528903800,66.2,67,90,12.75
239,aykhal,RU,65.95,111.51,1528905439,62.23,57,32,4.74
240,ondangwa,NA,-17.91,15.98,1528902000,84.2,13,0,2.24
241,pitimbu,BR,-7.47,-34.81,1528902000,84.2,54,40,17.22
242,grandview,US,38.89,-94.53,1528905300,80.6,65,1,10.29
243,williston,US,48.15,-103.62,1528902900,71.6,36,1,8.05
244,maniitsoq,GL,65.42,-52.9,1528905442,36.31,97,68,5.53
245,krasnyy yar,RU,50.7,44.73,1528905443,64.03,86,92,8.21
246,nouadhibou,MR,20.93,-17.03,1528902000,80.6,47,20,14.99
247,buritama,BR,-21.07,-50.14,1528905444,75.1,95,68,6.31
248,longyearbyen,NO,78.22,15.63,1528901400,33.8,86,90,18.34
249,lasa,CY,34.92,32.53,1528903800,80.6,74,20,6.93
250,college,US,64.86,-147.8,1528901880,42.8,75,1,3.36
251,ust-tsilma,RU,65.44,52.15,1528905445,54.4,84,12,3.62
252,saint-augustin,FR,44.83,-0.61,1528903800,69.8,82,64,12.75
253,berlevag,NO,70.86,29.09,1528901400,42.8,70,75,13.87
254,havoysund,NO,71,24.66,1528903200,42.8,87,75,13.87
255,kamina,CD,-8.74,25,1528905450,85,23,0,7.99
256,yaan,NG,7.38,8.57,1528905450,85.9,100,48,7.09
257,makakilo city,US,21.35,-158.09,1528901820,77,83,1,4.7
258,along,IN,28.17,94.8,1528905450,68.89,98,100,1.5
259,vanimo,PG,-2.67,141.3,1528905451,83.65,100,88,4.29
260,hovd,NO,63.83,10.7,1528903200,62.6,48,75,4.7
261,la maddalena,IT,39.15,9.02,1528903200,75.2,57,40,17.22
262,grand gaube,MU,-20.01,57.66,1528902000,75.2,69,75,14.99
263,novoagansk,RU,61.94,76.66,1528905453,67.81,37,20,8.43
264,kearney,US,40.7,-99.08,1528902900,71.6,64,90,14.99
265,geraldton,CA,49.72,-86.95,1528902000,62.6,63,75,8.05
266,castro,CL,-42.48,-73.76,1528905454,39.73,99,0,2.73
267,luganville,VU,-15.51,167.18,1528905455,75.19,100,92,4.85
268,mahebourg,MU,-20.41,57.7,1528902000,75.2,69,75,14.99
269,vostok,RU,46.45,135.83,1528905455,45.04,83,44,1.95
270,esperance,TT,10.24,-61.45,1528902000,80.6,88,75,12.75
271,fare,PF,-16.7,-151.02,1528905456,79.42,100,0,13.91
272,toora-khem,RU,52.47,96.11,1528905456,57.82,83,92,2.84
273,santa rita,VE,10.21,-67.56,1528905458,83.65,64,36,2.73
274,west bay,GB,50.71,-2.76,1528903200,68,77,40,12.75
275,gamba,CN,28.28,88.52,1528905459,32.35,91,92,2.28
276,rudnya,RU,50.8,44.56,1528905459,63.31,88,92,7.65
277,norman wells,CA,65.28,-126.83,1528902000,44.6,65,90,5.82
278,salinas,US,36.67,-121.66,1528904100,60.8,67,1,3.62
279,ugoofaaru,MV,5.67,73,1528905461,82.93,100,80,8.77
280,kiunga,PG,-6.12,141.3,1528905464,74.29,94,88,2.06
281,koumac,NC,-20.56,164.28,1528905465,67.9,96,76,4.07
282,adre,TD,13.47,22.2,1528905465,103.27,16,20,8.66
283,ahtopol,BG,42.1,27.94,1528903800,77,57,0,13.87
284,slantsy,RU,59.12,28.09,1528905466,62.5,55,0,4.18
285,mallaig,GB,57.01,-5.83,1528905466,53.95,99,92,24.09
286,auch,FR,43.65,0.59,1528903800,73.4,56,40,10.29
287,pathein,MM,16.78,94.73,1528905467,76.9,96,92,14.81
288,maceio,BR,-9.67,-35.74,1528905600,75.2,88,75,6.93
289,oloron-sainte-marie,FR,43.19,-0.61,1528903800,68,93,88,11.41
290,isangel,VU,-19.55,169.27,1528905468,74.2,100,68,14.36
291,manglaur,IN,29.79,77.88,1528905468,82.57,64,0,2.39
292,wenling,CN,28.38,121.38,1528905468,74.56,95,92,3.96
293,pak phanang,TH,8.35,100.2,1528905469,85.99,93,48,10.22
294,aksay,RU,47.27,39.86,1528905469,87.43,21,0,3.74
295,baghdad,IQ,33.3,44.38,1528902000,104,14,0,4.7
296,fort nelson,CA,58.81,-122.69,1528902000,41,86,90,9.17
297,fuerte olimpo,BR,-21.04,-57.87,1528905470,60.97,75,92,12.8
298,bandarban,BD,22.2,92.22,1528902000,80.6,94,90,13.87
299,mao,DO,19.55,-71.08,1528902000,89.6,62,40,12.75
300,christchurch,NZ,-43.53,172.64,1528903800,48.2,93,100,8.05
301,goderich,CA,43.74,-81.71,1528905435,68.17,88,32,11.45
302,kizema,RU,61.11,44.83,1528905476,53.86,66,56,18.39
303,quatre cocos,MU,-20.21,57.76,1528902000,75.2,69,75,14.99
304,kalur kot,PK,32.16,71.27,1528905476,91.03,41,44,1.95
305,singaraja,ID,-8.11,115.08,1528905476,66.73,100,64,1.95
306,coquimbo,CL,-29.95,-71.34,1528902000,53.6,62,0,8.05
307,urengoy,RU,65.96,78.37,1528905477,69.25,59,12,12.24
308,yaypan,UZ,40.38,70.82,1528905477,76.54,43,24,3.62
309,seoul,KR,37.57,126.98,1528902000,71.6,68,75,3.36
310,acopiara,BR,-6.09,-39.45,1528905477,83.2,51,0,11.23
311,warrnambool,AU,-38.38,142.48,1528905363,51.43,100,76,17.72
312,phan thiet,VN,10.93,108.1,1528905478,78.61,100,36,10
313,ilebo,CD,-4.33,20.59,1528905478,94.72,22,12,5.19
314,kijang,KR,35.24,129.21,1528902000,68,72,40,13.87
315,krasnogorsk,RU,55.82,37.34,1528902000,69.8,59,75,13.42
316,husavik,CA,50.56,-96.99,1528905479,67.27,72,44,7.31
317,araouane,ML,18.9,-3.53,1528905479,111.46,15,0,5.75
318,tilichiki,RU,60.47,166.1,1528905480,37.93,88,0,2.62
319,bosobolo,CD,4.19,19.88,1528905481,84.19,70,20,6.42
320,villarrobledo,ES,39.27,-2.6,1528905482,76.99,28,0,12.01
321,ribeira grande,PT,38.52,-28.7,1528903800,75.2,83,40,11.41
322,shakawe,BW,-18.36,21.84,1528905485,73.93,23,0,5.19
323,nemuro,JP,43.32,145.57,1528905486,48.64,100,80,17.83
324,miramar,CR,10.09,-84.73,1528902000,80.6,61,0,3.36
325,kerman,IR,30.29,57.06,1528902000,91.4,5,20,13.87
326,davidson,US,35.5,-80.85,1528905600,78.8,65,40,4.7
327,oksfjord,NO,70.24,22.35,1528903200,46.4,65,40,10.29
328,wattegama,LK,7.35,80.68,1528905487,71.41,97,92,5.75
329,inyonga,TZ,-6.72,32.06,1528905487,79.42,32,0,3.18
330,saint george,GR,39.45,22.34,1528903200,80.6,54,40,8.05
331,jabinyanah,TN,35.03,10.91,1528902000,80.6,47,0,13.87
332,siddipet,IN,18.1,78.85,1528905488,84.1,58,56,11.68
333,praia da vitoria,PT,38.73,-27.07,1528902000,75.2,78,40,10.22
334,duluth,US,46.77,-92.13,1528904100,73.4,46,1,8.05
335,oistins,BB,13.07,-59.53,1528902000,86,66,20,25.28
336,san onofre,CO,9.74,-75.52,1528905495,86.44,93,0,5.3
337,avera,US,33.19,-82.53,1528904100,78.8,83,90,3.74
338,alizai,PK,33.94,71.55,1528905496,89.77,30,0,3.29
339,bela,PK,26.23,66.31,1528905496,93.37,29,36,10.33
340,kalas,PK,33.49,72.96,1528903800,98.6,25,0,4.97
341,gisborne,NZ,-38.66,178.02,1528905498,52.6,86,12,10.67
342,yuryevets,RU,57.32,43.11,1528905498,60.7,69,24,15.03
343,bundaberg,AU,-24.87,152.35,1528905498,64.66,100,88,12.01
344,griffith,AU,-34.29,146.06,1528905499,50.62,90,80,8.88
345,raudeberg,NO,61.99,5.14,1528903200,60.8,71,75,11.41
346,rio gallegos,AR,-51.62,-69.22,1528902000,33.8,86,20,5.82
347,antalaha,MG,-14.9,50.28,1528905500,75.01,85,88,14.14
348,houma,CN,35.63,111.36,1528905500,62.32,58,0,2.51
349,verkhoyansk,RU,67.55,133.39,1528905500,56.29,63,0,2.62
350,donskoye,RU,45.45,41.98,1528902000,80.6,30,0,6.71
351,mogadishu,SO,2.04,45.34,1528905402,78.25,100,64,22.08
352,lewistown,US,40.39,-90.15,1528904100,78.8,53,1,12.75
353,leningradskiy,RU,69.38,178.42,1528905501,33.79,88,0,21.74
354,airai,TL,-8.93,125.41,1528905503,68.98,93,76,1.72
355,nantucket,US,41.28,-70.1,1528904100,69.8,77,90,17.22
356,mount gambier,AU,-37.83,140.78,1528905506,49.72,81,92,6.87
357,katobu,ID,-4.94,122.53,1528905506,77.98,100,24,2.62
358,baiyin,CN,36.55,104.13,1528902000,60.8,31,0,4.47
359,jumla,NP,29.28,82.18,1528905507,37.75,95,88,2.51
360,voh,NC,-20.95,164.69,1528905507,71.59,100,8,14.81
361,kamaishi,JP,39.28,141.86,1528905507,53.95,78,0,12.8
362,jurm,AF,36.86,70.83,1528905508,40.09,100,56,1.61
363,la ronge,CA,55.1,-105.3,1528902000,53.6,76,75,8.05
364,paragominas,BR,-3,-47.35,1528905508,91.93,56,20,5.41
365,fairbanks,US,64.84,-147.72,1528901880,42.8,75,1,3.36
366,poum,MK,41.28,20.71,1528903800,78.8,47,40,8.05
367,boyle,IE,53.97,-8.3,1528902000,55.4,100,75,18.34
368,klaksvik,FO,62.23,-6.59,1528903200,48.2,93,92,19.46
369,aleksandro-nevskiy,RU,53.48,40.21,1528905510,74.2,49,0,9.78
370,graham,US,36.07,-79.4,1528905240,75.2,78,75,9.17
371,paraiso,MX,24.01,-104.61,1528901040,66.2,68,75,3.36
372,nishihara,JP,35.74,139.53,1528902000,69.8,68,75,3.36
373,charyshskoye,RU,51.4,83.56,1528905511,69.7,37,8,3.4
374,struer,DK,56.48,8.6,1528903200,60.8,63,8,17.22
375,hualmay,PE,-11.1,-77.61,1528905511,65.02,77,12,3.62
376,ystad,SE,55.43,13.82,1528903200,68,60,75,13.87
377,buin,CL,-33.73,-70.74,1528905600,46.4,65,0,3.36
378,gamboma,CG,-1.87,15.88,1528905516,87.34,64,0,6.53
379,bristol,GB,51.45,-2.6,1528903200,68,77,75,10.29
380,imbituba,BR,-28.24,-48.67,1528902000,69.8,64,40,3.36
381,comrie,GB,56.09,-3.58,1528903200,60.8,72,40,14.99
382,esil,KZ,51.96,66.41,1528905517,60.25,50,0,7.65
383,lompoc,US,34.64,-120.46,1528904100,62.6,63,1,2.51
384,coihaique,CL,-45.58,-72.07,1528902000,33.8,85,80,2.24
385,hamilton,BM,32.3,-64.78,1528901700,77,73,40,10.29
386,hasaki,JP,35.73,140.83,1528902000,64.4,93,75,3.36
387,kajaani,FI,64.22,27.73,1528903200,53.6,52,0,4.7
388,tupik,RU,54.43,119.94,1528905520,51.25,63,0,4.63
389,kloulklubed,PW,7.04,134.26,1528901700,82.4,83,90,9.17
390,kieta,PG,-6.22,155.63,1528905520,76.81,100,32,2.73
391,maldonado,UY,-34.91,-54.96,1528902000,51.8,76,75,19.46
392,smithers,CA,54.78,-127.17,1528902000,48.2,81,75,2.62
393,mareeba,AU,-16.99,145.42,1528902000,60.8,93,0,3.4
394,kaputa,ZM,-8.47,29.66,1528905521,78.88,29,0,3.62
395,lira,UG,2.25,32.9,1528905521,82.39,45,68,8.21
396,constitucion,MX,23.99,-104.67,1528901040,66.2,68,75,3.36
397,ternate,PH,14.29,120.72,1528902000,77,100,90,10.29
398,haines junction,CA,60.75,-137.51,1528905526,42.79,52,68,2.62
399,zagora,HR,46.19,15.87,1528903800,71.6,73,75,2.24
400,zhongxing,CN,32.02,116.14,1528905527,74.29,69,8,7.99
401,snezhnogorsk,RU,69.19,33.23,1528903800,42.8,70,75,2.24
402,sola,FI,62.78,29.36,1528903200,50,76,75,10.29
403,sioux lookout,CA,50.1,-91.92,1528902000,66.2,59,20,4.7
404,sur,OM,22.57,59.53,1528905530,89.32,82,0,4.85
405,utete,TZ,-7.99,38.76,1528905531,81.76,51,12,6.08
406,saint-joseph,FR,43.56,6.97,1528903800,71.6,60,75,4.7
407,sadao,TH,6.63,100.42,1528902000,82.4,83,75,2.24
408,petropavlovsk-kamchatskiy,RU,53.05,158.65,1528902000,41,86,90,2.24
409,vestmanna,FO,62.16,-7.17,1528903200,48.2,93,92,19.46
410,chifeng,CN,42.27,118.96,1528905536,52.42,90,8,0.72
411,grants pass,US,42.44,-123.33,1528901760,59,50,90,2.62
412,lampazos de naranjo,MX,27.02,-100.51,1528905536,82.93,57,0,6.76
413,salym,RU,60.06,71.48,1528905536,60.61,51,48,5.08
414,verkh-chebula,RU,56.03,87.61,1528905536,67.36,75,0,2.73
415,tsiroanomandidy,MG,-18.77,46.05,1528905537,71.86,36,64,4.97
416,lagoa,PT,37.14,-8.45,1528903800,71.6,56,20,10.29
417,les cayes,HT,18.19,-73.75,1528905538,82.93,92,88,22.41
418,mackay,CA,53.65,-115.58,1528902000,50,81,75,3.36
419,treuchtlingen,DE,48.96,10.91,1528903200,60.8,67,75,8.05
420,witney,GB,51.78,-1.49,1528903200,69.8,56,40,16.11
421,tabou,CI,4.42,-7.36,1528905538,80.86,100,0,9.78
422,koson,UZ,39.04,65.59,1528902000,89.6,19,0,9.17
423,burewala,PK,30.16,72.68,1528905539,95.62,34,0,7.2
424,aksum,ET,14.12,38.72,1528905539,61.15,94,80,3.4
425,iquitos,PE,-3.75,-73.25,1528902000,84.2,74,20,4.7
426,bealanana,MG,-14.54,48.75,1528905541,69.07,53,20,6.98
427,linqiong,CN,30.42,103.46,1528902000,75.2,83,92,6.71
428,bonaventure,CA,48.04,-65.49,1528902000,66.2,32,75,8.05
429,ostrovnoy,RU,68.05,39.51,1528905546,36.58,82,92,18.28
430,narsaq,GL,60.91,-46.05,1528905000,55.4,43,40,9.17
431,richards bay,ZA,-28.77,32.06,1528905547,68.53,75,0,1.72
432,antofagasta,CL,-23.65,-70.4,1528902000,57.2,67,40,8.05
433,yeniseysk,RU,58.45,92.17,1528905547,63.49,71,8,2.84
434,taguatinga,BR,-15.83,-48.06,1528902000,78.8,36,20,5.82
435,port-gentil,GA,-0.72,8.78,1528902000,82.4,78,20,16.11
436,yulara,AU,-25.24,130.99,1528902000,41,56,0,4.7
437,adrar,DZ,27.87,-0.29,1528902000,109.4,12,0,11.41
438,samur,RU,41.83,48.49,1528905549,71.23,84,0,13.13
439,chicla,PE,-11.71,-76.27,1528905550,43.69,74,20,2.39
440,tombouctou,ML,16.77,-3.01,1528905550,110.65,18,24,4.74
441,pyaozerskiy,RU,65.83,31.17,1528905550,49,57,48,3.96
442,vagur,FO,61.47,-6.81,1528905550,49.63,97,92,27.89
443,yar-sale,RU,66.83,70.83,1528905551,36.22,89,76,14.81
444,ust-nera,RU,64.57,143.24,1528905551,46.93,65,48,1.72
445,solnechnyy,RU,50.72,136.64,1528905551,51.52,78,0,4.18
446,san patricio,PY,-26.98,-56.83,1528905551,51.79,74,0,4.63
447,angoram,PG,-4.06,144.07,1528905555,74.47,100,88,1.95
448,champerico,MX,16.38,-93.6,1528900860,71.6,94,90,2.62
449,san policarpo,PH,12.18,125.51,1528905556,78.43,100,80,7.76
450,port-cartier,CA,50.03,-66.88,1528902000,55.4,47,40,16.11
451,tateyama,JP,36.66,137.31,1528905556,49.45,100,12,1.95
452,mandalgovi,MN,45.76,106.27,1528905556,62.59,35,8,6.64
453,bartica,GY,6.41,-58.62,1528902000,82.4,78,75,9.17
454,bathsheba,BB,13.22,-59.52,1528902000,86,66,20,25.28
455,bueu,ES,42.33,-8.79,1528903800,71.6,53,0,16.11
456,chaltyr,RU,47.28,39.48,1528905557,87.43,21,0,3.74
457,prince rupert,CA,54.32,-130.32,1528902000,53.6,93,90,6.93
458,plouzane,FR,48.38,-4.62,1528903800,66.2,63,90,8.05
459,belaya gora,RU,68.54,146.19,1528905558,62.77,35,36,4.07
460,tongren,CN,27.72,109.18,1528905558,67.9,85,12,1.95
461,narsimhapur,IN,17.14,74.26,1528905558,76,78,88,9.22
462,sao joao da barra,BR,-21.64,-41.05,1528902000,87.8,43,0,5.82
463,mamakan,RU,57.82,114.02,1528905559,51.7,83,32,2.06
464,inirida,CO,3.87,-67.92,1528905559,80.32,84,80,2.95
465,payo,ID,-3.75,103.64,1528905559,77.98,84,56,4.74
466,san carlos de bariloche,AR,-41.13,-71.31,1528902000,26.6,86,75,10.29
467,piacabucu,BR,-10.41,-36.43,1528905560,84.37,57,44,15.48
468,auki,NG,12.18,6.51,1528905560,94.81,55,44,1.61
469,ambon,FR,47.55,-2.56,1528903800,69.8,64,90,8.05
470,bilibino,RU,68.06,166.44,1528905560,52.33,60,0,1.95
471,jiangyou,CN,31.78,104.73,1528905561,73.3,64,92,4.18
472,ambilobe,MG,-13.19,49.05,1528905561,80.95,44,8,13.8
473,shebunino,RU,57.66,40.04,1528905561,59.98,69,0,14.14
474,broome,GB,52.47,1.45,1528903200,71.6,52,20,11.41
475,biedenkopf,DE,50.92,8.53,1528903200,59,71,75,6.93
476,aquiraz,BR,-3.9,-38.39,1528905600,87.8,52,20,19.46
477,karangasem,ID,-6.7,108.49,1528905563,81.4,100,20,15.7
478,boca do acre,BR,-8.76,-67.39,1528905563,83.56,77,76,2.84
479,la antigua,CO,6.72,-76.08,1528905564,68.35,94,48,1.5
480,sibolga,ID,1.74,98.78,1528905564,74.56,94,76,1.95
481,glebychevo,RU,60.44,28.72,1528905564,60.79,46,68,4.63
482,campos altos,BR,-19.7,-46.17,1528905564,79.69,62,0,6.42
483,santiago del estero,AR,-27.8,-64.26,1528905565,52.33,49,0,6.2
484,banff,CA,51.18,-115.57,1528905565,48.01,36,24,2.17
485,santa helena,BR,-2.23,-45.3,1528905565,88.51,71,36,6.53
486,lewiston,US,46.42,-117.02,1528901760,64.4,55,1,4.7
487,bouna,CI,9.27,-3,1528905567,89.86,78,0,4.18
488,upington,ZA,-28.46,21.24,1528902000,69.8,19,0,5.82
489,acaponeta,MX,22.49,-105.36,1528905567,77.35,100,68,4.29
490,orito,CO,0.67,-76.88,1528905567,70.42,97,88,2.73
491,vao,EE,59.1,26.19,1528905567,62.95,45,0,5.41
492,nkhotakota,MW,-12.93,34.3,1528905568,70.69,74,0,6.08
493,boyuibe,BO,-20.43,-63.28,1528902000,55.4,47,90,5.82
494,necochea,AR,-38.55,-58.74,1528905573,50.26,81,80,14.03
495,paitan,CN,23.49,113.78,1528902000,77,78,0,11.18
496,claresholm,CA,50.02,-113.58,1528902000,60.8,31,1,23.04
497,sabha,LY,27.03,14.43,1528905575,112.45,10,24,9.66
498,northam,GB,51.04,-4.21,1528903200,66.2,77,40,12.75
499,sarakhs,TM,36.54,61.16,1528902000,82.4,37,80,6.93
500,moroni,US,39.52,-111.59,1528905577,70.69,19,0,3.06
501,nisia floresta,BR,-6.09,-35.21,1528905600,86,51,75,24.16
502,yantarnyy,RU,54.87,19.94,1528903800,64.4,72,20,6.71
503,banjar,ID,-7.37,108.54,1528905582,71.5,88,12,3.62
504,khandyga,RU,62.65,135.58,1528905583,54.85,47,48,6.2
505,heinola,FI,61.2,26.03,1528903200,62.6,33,0,3.36
506,sept-iles,CA,50.2,-66.38,1528902000,55.4,47,40,16.11
507,yenagoa,NG,4.92,6.26,1528905584,81.94,80,92,11.01
508,pontianak,ID,-0.02,109.34,1528905585,77.89,99,44,3.4
509,okha,RU,53.59,142.95,1528905585,40.09,90,80,10.78
510,bismarck,US,46.81,-100.78,1528905300,71.6,30,1,12.75
511,dunedin,NZ,-45.87,170.5,1528905434,43.33,100,92,2.95
512,dabakala,CI,8.36,-4.43,1528905587,88.78,74,24,4.52
513,pitelino,RU,54.58,41.81,1528905589,69.7,66,64,11.23
514,egvekinot,RU,66.32,-179.17,1528905592,37.3,71,0,2.51
515,melo,UY,-32.37,-54.17,1528905592,50.08,78,56,22.08
516,mbeya,TZ,-8.91,33.47,1528905593,71.05,40,0,3.85
517,kochi,IN,9.96,76.25,1528903800,77,94,90,2.24
518,notse,TG,6.95,1.17,1528905594,86.62,76,56,8.77
519,amuntai,ID,-2.42,115.25,1528905596,77.17,88,36,2.17
520,san juan,PH,14.6,121.03,1528902000,77,100,90,10.29
521,rocha,UY,-34.48,-54.34,1528905597,49.99,93,56,21.18
522,elizabeth city,US,36.3,-76.22,1528904640,78.8,83,90,12.75
523,narathiwat,TH,6.43,101.8,1528902000,82.4,83,75,4.7
524,acari,BR,-6.44,-36.64,1528905599,84.1,48,0,15.26
525,puerto carreno,CO,6.19,-67.49,1528902000,84.2,74,40,3.36
526,troitskiy,RU,45.15,38.14,1528903800,82.4,48,0,6.71
527,dhidhdhoo,MV,6.88,73.1,1528905605,82.39,100,88,12.24
528,santa fe,AR,-31.62,-60.7,1528905642,47.47,84,12,10.45
529,kuytun,RU,54.34,101.51,1528905610,64.3,73,20,2.62
530,evans,US,40.38,-104.69,1528904100,78.8,41,1,3.36
531,sokoni,CD,-12.89,28.78,1528905646,74.56,37,0,4.07
532,sovetskiy,RU,56.76,48.47,1528905619,61.33,85,76,14.03
533,pagudpud,PH,18.56,120.79,1528902000,77,100,90,13.87
534,southbridge,US,42.08,-72.03,1528903440,69.8,82,90,19.46
535,brazzaville,CD,-4.27,15.27,1528902000,86,55,8,5.82
536,tutoia,BR,-2.76,-42.27,1528902000,91.4,52,40,8.05
537,harlingen,US,26.19,-97.7,1528902900,89.6,62,75,10.29
538,calamar,CO,1.96,-72.65,1528905629,70.87,100,92,2.95
539,road town,VG,18.42,-64.62,1528905600,87.8,66,40,12.75
540,tabas,IR,33.6,56.92,1528905630,94.27,11,36,6.98
541,shieli,KZ,44.18,66.74,1528905630,67.27,41,88,14.81
542,scalea,IT,39.82,15.79,1528905631,70.06,100,36,5.3
543,san andres,PH,13.32,122.68,1528905632,83.47,100,68,22.64
544,muisne,EC,0.61,-80.02,1528905633,76.9,84,92,4.63
545,ati,TD,13.21,18.34,1528905633,104.53,25,20,4.97
546,san luis,AR,-33.3,-66.34,1528905472,42.43,53,0,2.62
