Cloudiness,Country,Date,Humidity,Latitude,Longitude,MaxTemp,WindSpeed
75,AU,1553920856,38,-41.43,147.14,18.33000000000004,6.2
8,EC,1553919308,89,-0.74,-90.35,25.560000000000002,1.79
8,PT,1553920824,79,41.42,-6.55,0.8240000000000123,0.87
20,AU,1553920796,44,-33.21,138.6,17.174000000000035,7.37
75,BN,1553918400,70,5.28,115.24,32.0,2.6
0,IN,1553918400,58,15.34,74.49,28.0,2.1
90,US,1553920715,70,42.65,-73.75,8.0,1.5
0,ID,1553921061,89,-4.2,104.14,31.174000000000035,2.02
20,EC,1553921061,94,0.07,-80.05,20.874000000000024,1.27
0,NZ,1553920208,73,-46.19,168.86,20.560000000000002,2.52
90,GL,1553917800,86,60.91,-46.05,-2.0,0.5
48,RU,1553921062,98,73.51,80.55,-3.5259999999999536,13.07
44,AO,1553921062,69,-11.78,19.91,22.424000000000035,1.62
90,CA,1553918400,62,55.74,-97.86,-6.0,3.6
0,AU,1553920523,23,-33.64,115.35,26.670000000000016,1.97
92,CA,1553920755,88,43.74,-81.71,4.439999999999998,1.34
32,AU,1553920817,34,-20.74,116.85,35.57400000000001,7.97
44,PG,1553921063,89,-6.21,149.55,27.874000000000024,1.17
36,CN,1553921063,85,38.52,102.19,4.124000000000024,2.12
64,ZA,1553920363,96,-34.42,19.24,17.78000000000003,1.67
0,PK,1553921063,62,25.12,62.33,27.974000000000046,3.27
40,CA,1553918400,62,55.1,-105.3,-4.0,1.07
0,CH,1553920942,70,46.69,7.86,4.439999999999998,1.52
24,TR,1553921064,64,40.67,33.6,-4.025999999999954,1.47
68,GL,1553917800,57,65.61,-37.64,-7.0,0.5
40,AR,1553918400,86,-54.81,-68.31,5.0,2.1
12,PH,1553921064,97,5.4,125.46,27.874000000000024,4.92
0,IS,1553920820,100,63.44,-20.27,-4.275999999999954,2.87
75,CA,1553918400,74,65.28,-126.83,1.0,2.6
0,PT,1553920635,76,37.14,-8.45,13.0,3.6
44,GL,1553920780,100,72.79,-56.15,-12.625999999999976,2.87
90,US,1553920772,69,19.71,-155.08,24.0,2.1
48,RU,1553920549,78,69.7,170.27,-14.025999999999954,2.12
90,JP,1553920464,87,33.93,134.5,15.0,4.1
36,CN,1553921023,18,32.43,105.86,23.33000000000004,1.34
92,PE,1553921066,98,-15.64,-71.6,0.674000000000035,1.22
36,PF,1553920780,99,-9.8,-139.03,28.174000000000035,6.72
0,IN,1553921066,22,20.53,76.18,37.874000000000024,3.02
20,ID,1553918400,70,-8.65,115.22,31.0,3.1
68,ZA,1553920263,88,-34.53,20.04,18.0,2.1
0,IN,1553921066,26,28.3,74.31,32.32400000000001,5.07
75,PF,1553920942,66,-17.83,-149.27,30.0,1.5
0,PH,1553921067,47,10.68,122.95,30.824000000000012,4.72
0,AO,1553921067,87,-14.92,13.49,17.524,1.07
76,RU,1553921067,100,59.58,151.3,-2.575999999999965,4.02
24,LY,1553921068,68,29.03,21.55,13.424000000000035,7.42
75,BR,1553918400,83,-22.93,-42.51,24.0,1.5
90,AU,1553920804,100,-27.93,151.91,22.0,7.2
90,US,1553920405,56,22.08,-159.32,23.0,5.1
0,CA,1553920536,58,50.56,-96.99,-5.0,3.13
80,MX,1553920794,82,27.97,-114.04,15.974000000000046,5.32
92,MX,1553921036,57,27.52,-110.01,18.524,1.27
100,AU,1553920782,97,-23.58,149.07,23.524,2.12
44,NO,1553920803,100,67.67,12.69,3.2240000000000464,14.57
44,AR,1553921070,86,-29.14,-59.64,21.474000000000046,1.42
32,GL,1553920858,73,77.48,-69.36,-21.775999999999982,4.82
32,RU,1553921070,64,59.7,150.17,-4.725999999999999,4.47
0,FR,1553920852,57,44.83,-0.61,9.0,3.6
44,LR,1553920877,100,6.75,-11.37,26.824000000000012,3.27
92,GL,1553921071,97,60.14,-45.24,0.07400000000001228,2.72
12,RU,1553921071,89,53.59,142.95,-5.725999999999999,5.37
75,AU,1553920475,55,-32.49,137.76,18.0,10.3
75,WS,1553920941,74,-13.87,-171.6,31.0,1.5
0,ZA,1553920779,92,-33.59,26.89,19.974000000000046,2.52
0,PK,1553921072,59,31.84,71.44,25.324000000000012,2.37
0,IN,1553921072,70,30.78,78.62,16.474000000000046,0.67
1,US,1553921016,37,37.28,-107.88,7.0,3.6
64,AU,1553921073,87,-34.72,135.86,17.074000000000012,7.47
20,IN,1553918400,52,16.73,82.22,32.0,3.6
0,GB,1553921070,93,52.14,-0.47,6.110000000000014,1.0
88,RU,1553920972,98,69.49,88.39,-0.4259999999999877,6.62
90,US,1553920750,86,39.95,-94.76,6.0,9.3
48,GL,1553917800,63,69.22,-51.1,-3.0,8.2
8,PH,1553921074,56,13.07,123.6,30.474000000000046,1.67
0,ZA,1553918400,100,-33.02,27.91,15.0,1.5
44,RU,1553921074,60,63.29,118.35,0.07400000000001228,1.62
40,ZA,1553920579,88,-33.93,18.42,18.890000000000043,2.1
90,CA,1553920659,92,47.66,-52.73,0.5600000000000023,4.6
76,PF,1553920784,100,-23.12,-134.97,25.874000000000024,7.87
75,CA,1553918400,85,69.44,-133.03,-5.0,6.7
8,IR,1553921075,82,25.29,60.65,25.824000000000012,3.42
0,BR,1553918400,77,-19.76,-44.31,20.0,2.1
75,JP,1553921019,75,36.31,139.8,16.110000000000014,6.2
75,CL,1553920345,61,-53.16,-70.91,9.0,7.2
90,CA,1553920922,91,48.95,-54.61,0.5600000000000023,9.3
40,DZ,1553918400,49,27.87,-0.29,22.0,2.6
56,BR,1553921076,95,-5.5,-45.25,22.674000000000035,2.07
24,AO,1553920834,98,-15.19,12.15,25.524,4.02
92,CA,1553921077,93,60.75,-137.51,-0.17599999999998772,0.92
75,AU,1553920041,73,-42.78,147.06,17.0,8.2
90,UA,1553918400,93,49.42,24.47,8.0,3.67
90,CA,1553920321,78,63.75,-68.52,-13.0,3.1
75,JP,1553921066,66,36.66,137.31,11.670000000000016,4.1
64,RU,1553920849,79,68.75,161.3,-12.975999999999999,1.52
5,MX,1553920534,28,22.89,-109.91,23.0,4.1
0,MX,1553921078,47,23.99,-104.67,12.524000000000001,3.92
0,ZA,1553920834,85,-34.0,24.73,17.824000000000012,5.27
88,BR,1553921078,95,-9.87,-56.08,23.324000000000012,0.97
0,AR,1553921078,46,-40.81,-62.99,19.574000000000012,4.47
1,US,1553920684,79,48.23,-101.3,-2.0,3.1
0,PH,1553920805,44,11.0,122.67,32.32400000000001,5.57
20,ET,1553914800,62,8.96,38.73,14.0,0.5
40,MX,1553917320,64,18.55,-88.26,24.0,5.1
20,PA,1553920234,73,9.52,-79.03,25.0,3.77
90,CA,1553920706,73,62.45,-114.38,-3.0,1.5
92,NZ,1553920685,84,-35.62,174.5,21.110000000000014,5.36
0,MV,1553921080,100,5.67,73.0,29.124000000000024,1.67
92,CO,1553920778,99,3.87,-67.92,22.324000000000012,0.87
8,CV,1553920809,100,14.9,-24.5,20.824000000000012,8.97
40,MZ,1553918400,94,-23.87,35.38,20.0,1.57
24,RU,1553921080,96,49.31,43.06,-1.4259999999999877,2.12
1,CA,1553920812,95,45.36,-73.48,0.0,3.57
0,IT,1553921044,60,41.89,12.48,9.439999999999998,2.1
0,AR,1553920808,79,-38.31,-60.23,19.324000000000012,6.62
80,RU,1553921073,92,67.55,63.78,-0.5259999999999536,9.17
0,RU,1553921081,81,70.0,135.55,-6.025999999999954,3.17
0,SA,1553918400,44,18.39,42.45,17.0,3.1
80,KI,1553920799,100,3.07,172.79,28.824000000000012,10.22
24,SE,1553921082,63,61.35,16.39,4.574000000000012,2.72
0,CR,1553920329,61,10.15,-85.45,27.0,3.1
0,FR,1553920534,45,45.6,-0.6,9.0,3.6
8,CN,1553921082,49,25.6,100.24,20.274,1.27
75,MA,1553918400,72,34.03,-5.02,15.0,6.2
20,TT,1553920807,88,10.24,-61.45,25.560000000000002,3.6
0,BR,1553921083,78,-23.07,-54.19,21.124000000000024,3.92
0,CN,1553921083,45,42.84,93.51,17.474000000000046,4.82
68,ID,1553920867,86,-3.36,135.5,25.074000000000012,0.97
75,CA,1553918400,92,60.82,-115.79,-1.0,1.5
0,NZ,1553920731,71,-46.28,169.85,17.78000000000003,3.58
64,RU,1553921084,97,50.68,156.12,-1.3759999999999764,8.42
1,US,1553918160,69,60.79,-161.76,6.0,4.6
0,MZ,1553921085,96,-14.56,40.69,27.574000000000012,4.02
90,US,1553920817,76,39.31,-74.98,14.0,3.32
64,PG,1553920749,100,-2.57,150.8,27.924000000000035,1.12
92,NO,1553920802,81,61.99,5.14,6.0,7.7
8,MV,1553920878,100,3.78,72.97,28.974000000000046,2.07
40,BR,1553920692,83,-3.71,-38.6,27.0,1.0
0,SO,1553921086,73,5.35,48.53,29.724000000000046,5.27
48,NZ,1553920806,72,-46.13,167.69,21.110000000000014,2.77
56,BR,1553920787,69,-20.63,-46.0,19.874000000000024,4.22
0,RU,1553921087,60,52.51,99.83,-3.6259999999999764,1.17
90,US,1553921057,93,30.04,-94.42,20.0,3.6
92,RU,1553920819,96,64.42,-173.23,0.37400000000002365,4.67
0,CN,1553921087,69,28.45,117.97,20.174000000000035,1.52
40,US,1553920806,48,36.16,-85.5,17.0,4.1
1,US,1553920854,62,36.85,-75.98,16.110000000000014,1.5
0,PH,1553921088,100,13.32,122.68,27.674000000000035,2.47
40,CN,1553920997,69,22.54,114.05,26.0,3.0
92,PT,1553920840,99,38.52,-28.7,16.024,4.67
0,AR,1553920485,66,-46.43,-67.52,12.474000000000046,4.57
0,TR,1553921089,76,39.34,29.26,-1.4259999999999877,2.67
92,ID,1553921089,92,1.74,98.78,24.324000000000012,1.22
36,PE,1553921089,84,-10.07,-78.15,18.124000000000024,1.32
36,MV,1553920824,100,-0.6,73.08,28.724000000000046,2.07
92,CN,1553921089,90,30.54,105.42,14.874000000000024,3.12
90,CA,1553919240,77,70.47,-68.59,-18.99999999999997,8.2
75,AU,1553920641,66,-42.88,147.33,17.0,8.2
64,RU,1553920787,92,65.58,-170.99,0.924000000000035,9.17
1,US,1553920863,81,36.83,-119.7,14.0,2.1
40,RU,1553918400,80,48.03,40.04,4.0,3.0
90,CL,1553918400,100,-42.48,-73.76,10.0,5.1
0,PF,1553920790,100,-16.48,-151.75,29.124000000000024,2.97
20,ES,1553921037,87,43.27,-7.54,8.330000000000041,2.6
12,RU,1553921091,90,68.54,146.19,-7.025999999999954,2.02
0,BW,1553918400,64,-21.44,27.46,20.0,2.1
90,NA,1553918527,72,-22.95,14.51,20.0,1.0
0,IN,1553920207,45,28.58,77.04,31.670000000000016,2.42
40,TH,1553921087,56,8.64,99.37,35.0,2.1
8,ZA,1553920800,36,-30.97,22.13,12.074000000000012,1.27
88,IE,1553920691,91,53.8,-9.52,8.890000000000043,5.07
0,RU,1553921093,58,67.46,153.71,-7.075999999999965,1.37
75,LK,1553919000,70,6.12,81.12,31.0,2.1
0,PG,1553920826,99,-2.67,141.3,28.774,8.37
80,CN,1553921087,66,21.85,111.96,27.220000000000027,6.27
12,IT,1553920933,80,46.72,11.66,3.890000000000043,1.0
12,SE,1553921042,87,58.71,13.82,6.0,6.7
76,RU,1553920795,91,61.92,159.24,-2.5259999999999536,7.02
0,RU,1553921093,93,59.7,30.79,3.890000000000043,4.0
40,BB,1553918400,78,13.22,-59.52,26.0,6.2
76,CN,1553918400,42,30.6,114.3,20.0,8.0
75,PL,1553920720,87,52.55,19.71,7.78000000000003,2.6
75,JP,1553918400,72,35.01,132.22,15.0,5.1
90,US,1553921045,81,41.79,-71.61,9.0,1.02
0,PA,1553920800,66,8.69,-82.32,15.0,4.92
0,AU,1553918400,19,-15.77,128.74,38.0,6.7
0,CA,1553921095,78,49.91,-109.46,-6.425999999999988,1.52
40,JP,1553918400,65,24.34,124.16,26.0,6.2
80,BR,1553921080,89,-32.03,-52.1,21.674000000000035,6.72
8,CN,1553921096,34,35.63,111.36,11.874000000000024,2.22
8,ZW,1553921096,77,-20.32,30.05,20.674000000000035,3.32
0,AU,1553920755,42,-34.58,150.85,21.670000000000016,13.9
88,NO,1553921097,87,71.03,27.85,-0.025999999999953616,11.17
75,SA,1553918400,58,31.68,38.65,12.0,3.6
75,JP,1553920386,76,34.7,138.93,16.0,5.1
0,ZA,1553920843,77,-25.66,28.73,18.890000000000043,0.45
68,EE,1553921098,89,59.1,26.19,3.2240000000000464,4.47
0,CN,1553921098,31,36.44,115.96,12.174000000000035,7.82
68,CA,1553921098,98,48.78,-87.1,-0.325999999999965,5.37
88,US,1553920285,94,37.17,-99.65,2.7800000000000296,7.15
90,CA,1553918400,49,51.26,-80.61,-3.0,3.6
12,NG,1553921099,90,4.92,6.26,25.474000000000046,3.22
90,US,1553920962,73,21.44,-157.84,26.0,2.6
40,NO,1553917800,79,78.22,15.63,-5.0,5.7
32,BR,1553921099,94,-13.28,-50.16,22.924000000000035,1.37
92,ML,1553920853,34,22.68,-3.98,26.874000000000024,2.72
1,US,1553920805,74,64.86,-147.8,6.0,3.1
75,IE,1553920200,75,51.55,-9.27,7.0,1.5
90,US,1553921044,62,39.62,-77.74,14.0,1.42
68,BR,1553920830,100,-22.97,-42.02,22.474000000000046,2.07
20,MG,1553918400,88,-15.72,46.32,24.0,2.1
75,AU,1553920641,88,-43.03,147.26,17.0,8.2
0,NG,1553921101,67,8.85,5.42,27.174000000000035,3.92
0,HN,1553920838,100,15.0,-83.23,21.824000000000012,2.42
68,TL,1553920797,89,-8.93,125.41,24.374000000000024,1.07
76,CN,1553918400,42,30.35,114.31,20.0,8.0
75,AF,1553918100,48,34.67,70.21,17.0,3.1
0,GW,1553920833,95,11.28,-15.83,26.474000000000046,6.82
76,BR,1553921102,94,-3.38,-68.87,24.774,0.87
0,TR,1553921102,59,41.09,31.12,-0.5259999999999536,0.97
0,MR,1553918400,82,20.93,-17.03,17.0,4.6
90,AU,1553920813,74,-28.65,153.62,27.0,3.1
1,US,1553920821,93,43.37,-124.22,9.439999999999998,1.5
0,PY,1553921103,80,-24.08,-55.5,22.374000000000024,1.22
20,ID,1553921103,97,-7.54,112.45,27.074000000000012,1.52
100,KZ,1553921104,99,47.96,80.43,10.324000000000012,1.42
0,NE,1553921104,34,14.07,5.96,19.274,3.02
90,LT,1553917800,87,54.63,23.94,6.0,6.2
0,KZ,1553918400,93,53.17,63.58,0.0,6.0
56,RU,1553921105,95,53.83,48.02,-3.6759999999999877,4.42
75,US,1553920806,42,34.06,-117.19,18.0,1.5
20,ID,1553920200,74,-1.24,116.86,31.0,2.1
12,CL,1553921105,96,-30.6,-71.2,11.874000000000024,1.32
1,US,1553920660,88,31.76,-93.09,17.0,3.1
40,AU,1553918400,31,-31.97,141.45,18.0,8.2
20,MU,1553920743,83,-20.34,57.76,27.78000000000003,2.67
76,CN,1553920622,76,39.77,98.29,4.074000000000012,2.77
75,PR,1553920859,78,18.47,-66.12,24.0,2.1
1,US,1553920889,55,34.73,-86.59,18.33000000000004,2.6
0,AR,1553918400,78,-27.46,-55.82,25.0,1.5
32,RU,1553920820,72,71.64,128.87,-4.325999999999965,8.07
92,BR,1553921109,100,-8.9,-35.15,24.074000000000012,2.02
90,US,1553921109,75,42.73,-90.48,8.0,1.5
76,RU,1553921109,86,69.38,178.42,-12.025999999999954,1.67
0,AU,1553921110,88,-24.88,146.25,23.724000000000046,6.42
0,FR,1553920805,75,43.56,6.97,11.110000000000014,2.1
40,VU,1553918400,66,-19.55,169.27,31.0,5.1
76,RU,1553920866,45,53.74,127.27,-2.4259999999999877,1.42
75,CA,1553918400,86,68.22,-135.01,-1.0,2.12
32,BR,1553920800,79,-30.17,-50.22,21.324000000000012,5.02
0,PG,1553921111,100,-10.62,150.67,27.674000000000035,3.07
12,ZA,1553921111,51,-29.67,22.74,16.024,1.22
68,RU,1553920555,91,70.62,147.9,-6.575999999999965,5.92
0,ES,1553920926,77,27.91,-15.45,15.0,2.6
20,RU,1553920811,90,71.97,114.09,-7.175999999999988,2.87
76,NZ,1553920822,97,-35.17,173.16,19.424000000000035,4.37
0,IN,1553921112,44,29.49,74.08,29.374000000000024,6.22
20,FR,1553921045,55,42.87,1.37,7.78000000000003,0.45
20,PH,1553921111,47,14.29,120.72,35.0,5.1
56,PG,1553921113,86,-6.6,147.85,26.274,1.32
0,FR,1553920221,80,46.42,3.91,2.0,3.27
64,LY,1553921113,84,31.21,16.59,14.974000000000046,8.07
20,MW,1553921114,81,-14.38,34.33,18.824000000000012,1.72
0,CN,1553921114,29,35.3,113.88,16.574000000000012,3.22
68,BR,1553920828,100,-5.2,-35.46,24.974000000000046,1.42
36,BR,1553921114,100,-21.64,-41.05,23.424000000000035,3.92
0,GF,1553918400,78,4.94,-52.33,26.0,2.6
0,RO,1553921115,81,45.07,23.4,2.2240000000000464,1.17
20,RU,1553921115,82,63.05,179.32,-0.07599999999996498,5.57
0,RU,1553921116,79,54.43,31.9,5.074000000000012,5.82
0,MG,1553921116,90,-23.35,47.6,26.374000000000024,1.62
76,NU,1553918400,94,-19.06,-169.92,26.0,2.6
90,BM,1553920320,94,32.3,-64.78,20.0,6.2
40,GH,1553918400,88,5.35,-0.62,28.0,3.1
0,DE,1553921114,87,52.18,7.04,8.330000000000041,1.0
88,RU,1553920832,97,71.98,102.47,-1.9259999999999877,6.72
8,SB,1553920863,75,-8.15,159.59,30.324000000000012,5.07
92,CL,1553920991,67,-28.58,-70.76,14.174000000000035,1.07
88,NO,1553921103,75,62.58,6.12,5.0,12.3
88,RU,1553921118,84,54.48,46.71,-2.4259999999999877,4.22
0,CL,1553921113,55,-32.75,-70.73,17.78000000000003,1.42
68,CK,1553918400,83,-21.21,-159.78,25.0,5.1
0,IN,1553920840,100,11.67,92.75,28.474000000000046,1.52
0,US,1553921117,43,36.41,-105.57,2.7800000000000296,3.6
0,OM,1553917800,57,17.01,54.1,25.0,0.5
40,BR,1553918400,48,2.82,-60.67,31.0,3.1
20,RU,1553921119,90,60.26,37.97,1.5740000000000123,5.67
40,IS,1553921084,68,63.84,-22.43,-2.0,1.5
1,US,1553920858,71,39.15,-123.21,11.0,2.1
92,RU,1553921120,98,57.02,82.07,3.274000000000001,2.57
76,AU,1553920800,74,-16.99,145.42,30.0,3.6
75,PR,1553921103,78,18.01,-65.9,24.0,2.1
0,FR,1553920986,100,48.38,-4.62,8.330000000000041,3.1
32,BR,1553921121,95,-14.4,-56.44,21.974000000000046,1.32
24,IN,1553921121,99,10.57,72.64,29.374000000000024,4.12
0,RU,1553920806,71,64.57,143.24,-8.425999999999988,1.12
20,PT,1553920200,93,33.08,-16.33,16.0,2.1
90,DO,1553920258,100,19.55,-71.08,23.890000000000043,1.17
20,MX,1553920906,29,27.86,-105.49,19.324000000000012,6.42
0,ZM,1553921122,50,-17.36,27.22,23.724000000000046,2.37
92,BR,1553920827,100,-6.64,-51.99,23.524,0.87
8,NG,1553921122,78,7.19,8.13,26.224000000000046,6.47
75,FR,1553921104,93,42.7,2.88,8.330000000000041,4.17
88,FO,1553917800,100,62.23,-6.59,2.0,6.2
0,PY,1553921123,70,-23.27,-57.32,25.074000000000012,3.82
12,NO,1553921016,81,60.57,9.1,1.670000000000016,5.81
90,US,1553920825,92,40.7,-99.08,0.0,8.7
20,CA,1553918400,42,58.81,-122.69,9.0,3.6
88,NO,1553921124,100,70.86,29.09,0.07400000000001228,11.42
0,CL,1553918400,93,-36.8,-72.03,11.0,3.1
32,TZ,1553921125,99,-7.95,31.62,22.374000000000024,2.97
20,GR,1553920397,75,39.45,22.34,7.220000000000027,5.1
44,CA,1553921125,75,66.15,-65.72,-8.875999999999976,9.82
0,NZ,1553921115,77,-43.53,172.64,18.33000000000004,8.7
0,MX,1553921126,64,19.33,-102.37,18.224000000000046,1.27
90,US,1553921113,93,41.28,-70.1,8.0,3.42
44,CA,1553921126,66,46.7,-75.45,-8.875999999999976,1.82
0,AR,1553921126,40,-43.3,-65.11,19.324000000000012,7.27
0,MV,1553921127,100,6.88,73.1,29.574000000000012,0.87
44,CD,1553921127,100,-3.41,29.14,19.974000000000046,1.32
20,PH,1553918400,51,10.47,123.98,30.0,5.1
40,IN,1553918400,63,8.13,77.3,33.0,4.1
0,HR,1553920562,42,43.7,16.64,9.0,3.1
20,MU,1553920743,83,-20.41,57.7,27.78000000000003,2.67
0,GB,1553921103,93,52.48,1.75,6.0,1.5
40,TH,1553918400,59,9.96,98.62,33.0,3.6
24,RU,1553920810,95,66.83,70.83,-1.325999999999965,8.17
88,SB,1553921128,90,-9.43,159.96,26.474000000000046,1.87
75,CO,1553918400,83,6.19,-67.49,27.0,1.5
20,CU,1553920941,82,23.15,-81.92,21.0,2.6
32,MG,1553920831,100,-14.27,50.17,26.674000000000035,0.67
76,BR,1553921129,85,-9.61,-37.76,24.324000000000012,2.67
76,RU,1553921129,59,50.1,139.13,-6.425999999999988,1.77
75,PL,1553921022,87,53.02,20.88,8.330000000000041,2.6
68,RU,1553921130,92,66.32,-179.17,-1.5259999999999536,4.02
0,RU,1553918400,44,53.6,91.39,4.0,2.0
68,MG,1553921130,100,-13.19,49.05,22.874000000000024,2.02
20,NG,1553921131,91,5.52,5.75,25.574000000000012,2.97
75,NO,1553921116,94,63.83,10.7,5.560000000000002,8.7
0,PT,1553921117,76,41.53,-8.62,12.220000000000027,1.5
0,GB,1553921103,100,50.12,-5.53,7.78000000000003,3.6
8,SO,1553921132,91,7.98,49.82,27.224000000000046,4.37
0,DK,1553921105,92,57.12,8.61,5.560000000000002,2.68
0,KY,1553921061,100,19.28,-81.25,25.524,5.07
48,ZA,1553920794,91,-28.77,32.06,22.574000000000012,1.67
75,CA,1553920805,45,60.72,-135.06,7.0,1.0
90,TR,1553919600,100,36.98,38.42,8.0,5.7
92,KZ,1553921133,100,45.32,55.19,3.4740000000000464,3.47
90,CA,1553918400,68,49.72,-86.95,-3.0,4.1
0,UA,1553921133,100,44.85,34.97,3.774000000000001,2.17
24,CN,1553921133,30,39.94,119.59,5.974000000000046,8.52
92,NZ,1553921133,91,-38.66,178.02,17.724000000000046,2.72
0,CN,1553921134,100,28.28,88.52,0.02400000000000091,1.32
92,GY,1553920453,91,6.8,-58.16,25.274,3.42
44,RU,1553921134,64,63.45,120.31,-1.325999999999965,1.47
75,PT,1553920810,71,37.72,-25.43,14.0,3.1
0,ZM,1553921135,71,-12.37,27.84,19.174000000000035,3.67
88,GL,1553920826,96,61.99,-49.67,-0.4759999999999991,9.97
75,JP,1553919180,45,39.28,141.86,6.0,9.8
1,US,1553920927,57,43.87,-116.5,9.0,1.5
0,NZ,1553921038,83,-44.49,171.21,18.33000000000004,1.34
40,ZA,1553918400,93,-33.59,22.2,18.0,1.5
5,SA,1553918400,60,17.54,44.22,21.0,1.87
40,US,1553921133,87,39.2,-83.61,14.0,4.1
40,US,1553921124,56,40.97,-117.74,5.0,2.6
90,US,1553921112,69,44.29,-105.5,1.670000000000016,4.6
20,RU,1553918400,74,53.14,59.15,-2.0,6.0
0,RU,1553921137,59,60.35,102.28,1.674000000000035,1.67
75,AU,1553918400,62,-23.13,150.74,31.0,4.6
40,CN,1553918400,19,40.71,112.04,2.0,7.0
8,NG,1553920833,78,7.38,8.57,26.224000000000046,6.47
0,CN,1553921138,41,39.5,106.72,5.324000000000012,2.17
92,BR,1553921138,100,-10.41,-36.43,22.574000000000012,1.52
0,LK,1553921138,82,5.97,80.42,30.374000000000024,3.12
20,CA,1553918400,84,58.52,-117.13,0.0,2.67
64,RU,1553921139,64,54.72,135.31,-1.9259999999999877,0.97
80,RU,1553921139,92,58.14,52.65,-2.0259999999999536,9.42
20,FR,1553921135,81,48.94,2.36,8.0,2.1
0,SA,1553918400,25,24.63,46.72,19.0,3.6
0,DE,1553921135,70,49.85,6.32,8.0,1.0
88,BR,1553921140,99,-0.41,-65.02,23.474000000000046,1.42
90,US,1553920318,67,38.18,-83.43,15.0,2.1
76,RU,1553920859,70,51.11,114.54,1.670000000000016,3.58
0,GB,1553921140,93,52.47,1.45,6.0,1.5
0,TD,1553920865,21,14.53,20.93,22.324000000000012,4.12
0,ES,1553921129,61,42.77,-9.06,11.110000000000014,2.1
8,PH,1553921141,100,11.14,123.72,27.824000000000012,3.37
0,MX,1553921142,96,16.48,-95.04,24.574000000000012,0.77
0,NG,1553920609,62,10.31,9.75,19.074000000000012,0.87
88,RU,1553921048,79,62.24,45.0,0.37400000000002365,7.02
8,ES,1553918400,58,28.66,-17.92,15.0,3.6
40,KE,1553918400,88,-3.68,39.86,27.0,2.1
0,CU,1553921142,100,20.34,-77.12,24.474000000000046,7.82
0,IR,1553921143,36,28.27,61.33,18.024,1.87
0,MG,1553921143,83,-20.3,44.28,28.424000000000035,1.87
90,AU,1553921112,69,-28.95,153.24,27.0,5.7
0,RU,1553920798,85,68.05,39.51,-5.275999999999954,7.27
92,GY,1553921143,81,8.2,-59.78,26.474000000000046,3.82
24,BR,1553921108,87,-29.45,-50.58,20.0,0.89
0,UY,1553920846,83,-33.69,-53.46,20.824000000000012,7.22
20,SA,1553918400,82,26.33,43.97,19.0,3.1
20,CA,1553918400,73,50.23,-63.6,-4.0,3.6
75,PF,1553920341,66,-17.73,-149.15,30.0,1.5
90,US,1553920500,79,41.79,-107.24,-2.0,5.1
90,AU,1553918400,71,-37.83,140.78,13.0,8.2
88,TZ,1553921145,86,-3.28,30.97,20.224000000000046,1.07
90,KR,1553919000,81,37.57,126.98,10.0,3.1
90,UA,1553918400,70,48.99,24.71,8.0,2.0
0,CA,1553921146,75,51.23,-101.35,-10.775999999999954,1.42
36,BR,1553921074,91,-11.81,-37.61,25.874000000000024,3.57
56,RU,1553921147,54,55.38,91.62,6.574000000000012,2.72
20,GH,1553918400,88,5.79,0.9,28.0,3.6
0,ET,1553921147,38,4.06,38.32,24.824000000000012,4.32
0,NG,1553921147,65,12.25,4.3,21.324000000000012,1.32
75,CA,1553918400,41,63.59,-135.9,6.0,3.1
5,IT,1553921092,76,38.19,15.55,12.220000000000027,1.5
8,SV,1553920830,85,13.59,-89.83,21.110000000000014,1.22
75,BY,1553918400,86,54.51,30.43,5.0,6.0
68,ID,1553920605,100,-0.92,100.36,25.874000000000024,2.47
76,RU,1553921149,75,65.83,31.17,-0.325999999999965,5.62
68,KZ,1553921149,87,49.14,57.13,4.174000000000035,2.12
0,TD,1553921149,27,9.45,18.94,25.424000000000035,2.62
88,RU,1553921150,91,66.0,57.56,-0.2259999999999991,6.82
40,BJ,1553918400,89,6.74,2.66,29.0,4.6
1,US,1553921116,74,64.84,-147.72,4.0,3.1
20,CA,1553918400,41,52.13,-122.14,5.0,1.5
88,MR,1553921150,88,20.52,-13.05,18.574000000000012,1.22
20,CA,1553918400,67,50.1,-91.92,-7.0,3.1
0,ES,1553921018,87,43.48,-8.23,10.560000000000002,2.6
92,CA,1553920280,87,48.65,-53.11,-1.1099999999999568,2.68
40,CA,1553918400,92,46.37,-82.65,-2.0,1.5
88,GL,1553920907,87,66.94,-53.67,-9.375999999999976,1.07
100,GF,1553920857,100,5.38,-52.96,25.124000000000024,5.02
0,AR,1553921152,77,-33.3,-66.34,16.974000000000046,3.97
0,MV,1553920958,100,6.15,73.27,29.024,1.37
44,ML,1553921153,33,20.2,1.01,25.224000000000046,3.87
0,ES,1553920824,70,38.18,-1.13,11.0,2.1
1,US,1553921133,72,29.21,-99.79,21.0,4.6
90,CL,1553918400,100,-41.87,-73.83,10.0,5.1
92,BW,1553921153,28,-21.53,21.93,27.624000000000024,2.97
0,CN,1553918400,11,36.06,103.82,7.0,3.0
1,US,1553920988,81,36.96,-120.06,14.0,2.1
1,US,1553920818,87,34.64,-120.46,12.220000000000027,3.1
20,PK,1553921154,15,26.0,63.05,32.924000000000035,4.37
0,IN,1553921154,47,25.15,86.69,32.474000000000046,3.57
68,BR,1553921155,96,-8.26,-49.26,23.924000000000035,1.47
0,EG,1553921155,45,28.42,30.79,17.524,6.27
0,ES,1553918400,82,28.96,-13.65,15.0,3.1
44,PG,1553921155,99,-3.66,152.44,28.574000000000012,2.67
88,BR,1553921155,95,-3.22,-64.8,24.574000000000012,0.77
64,RU,1553921156,73,62.93,152.39,-7.075999999999965,4.67
68,AR,1553921012,83,-33.68,-59.66,21.110000000000014,0.89
44,ZA,1553921157,100,-34.05,23.37,18.874000000000024,4.12
0,IT,1553921158,100,39.09,17.12,13.674000000000035,11.97
68,ID,1553921158,100,-9.11,124.89,27.474000000000046,1.02
0,MA,1553921158,77,29.7,-9.73,13.524000000000001,0.77
68,LR,1553920738,83,6.33,-10.8,26.724000000000046,2.77
44,NA,1553921158,87,-26.65,15.16,16.974000000000046,5.57
0,GH,1553920889,97,4.87,-2.24,28.574000000000012,3.92
88,BR,1553921159,100,-17.34,-39.22,26.624000000000024,6.62
1,US,1553921159,87,31.87,-81.61,15.0,1.92
1,US,1553920849,81,34.88,-76.9,15.0,2.1
40,JP,1553920945,40,33.32,129.49,20.0,2.6
36,RU,1553921160,91,66.66,66.39,-3.6759999999999877,4.92
0,IS,1553921160,100,64.25,-15.21,-3.1759999999999877,8.17
75,SO,1553918400,69,2.04,45.34,28.0,6.2
12,LR,1553921160,95,8.2,-10.37,20.824000000000012,0.62
32,TM,1553921161,89,39.24,55.52,12.774000000000001,1.77
90,CA,1553921141,92,47.63,-52.95,0.5600000000000023,4.6
0,SI,1553921040,92,46.01,15.3,2.2200000000000273,0.97
20,BR,1553918400,88,-14.79,-39.05,26.0,3.6
75,US,1553920738,62,45.52,-122.67,13.0,3.6
0,RU,1553921154,61,65.73,150.89,-5.825999999999965,1.22
0,LK,1553921162,49,7.42,81.82,33.624000000000024,1.67
1,US,1553920233,64,37.68,-113.06,2.0,3.1
64,CI,1553920827,96,4.42,-7.36,29.174000000000035,3.02
75,AU,1553921118,66,-25.3,152.85,29.0,9.8
90,GE,1553918400,93,41.96,42.96,5.0,1.5
0,HN,1553921163,87,15.8,-84.28,24.974000000000046,4.17
80,NO,1553921158,80,68.38,17.6,0.0,17.5
5,CA,1553920903,32,50.68,-120.34,11.0,1.5
1,US,1553921146,94,27.75,-98.07,20.560000000000002,3.6
0,CN,1553921164,69,42.27,118.96,-2.475999999999999,7.07
0,CL,1553918400,87,-29.95,-71.34,13.0,1.0
0,FR,1553920925,75,48.95,4.24,6.0,2.6
36,AU,1553921165,37,-35.34,143.56,17.224000000000046,9.72
0,MG,1553921165,67,-25.17,45.06,27.324000000000012,1.92
90,US,1553920858,69,45.22,-112.64,0.0,2.1
0,EG,1553921166,50,27.27,31.15,17.824000000000012,5.82
68,FO,1553921166,98,61.47,-6.81,7.124000000000024,12.87
76,PG,1553920815,100,-2.02,147.27,28.224000000000046,3.77
40,US,1553921155,88,26.76,-81.44,21.110000000000014,2.6
12,PE,1553921166,82,-12.99,-74.72,-1.325999999999965,1.32
92,BR,1553921167,96,-8.95,-37.42,21.924000000000035,2.22
0,NE,1553921167,30,18.74,7.39,24.074000000000012,5.02
75,UY,1553918400,93,-34.91,-54.96,19.0,3.1
0,KE,1553921167,67,-2.39,40.44,29.974000000000046,1.42
80,CN,1553921168,48,29.72,112.52,17.574000000000012,7.27
32,BR,1553921168,91,-16.48,-43.49,18.974000000000046,4.82
0,EG,1553921168,38,26.55,31.7,18.924000000000035,6.22
40,CY,1553918400,87,34.81,32.42,12.0,3.6
